INSERT INTO `customer` (`id`, `first_name`, `last_name`, `birth_date`)
VALUES (1, "Reed", "Edwards", "1952-08-16 12:34:53"),
       (2, "Hoyt", "Park", "1981-02-18 08:07:58"),
       (3, "Leila", "Petty", "1972-06-11 08:43:55"),
       (4, "Denton", "Strong", "1989-03-11 18:38:31"),
       (5, "Zoe", "Romero", "1990-10-02 13:06:31"),
       (6, "Rana", "Compton", "1957-06-09 12:51:11"),
       (7, "Velma", "King", "1988-02-02 05:52:25"),
       (8, "Uriah", "Carter", "1972-08-31 07:32:05"),
       (9, "Michael", "Graves", "1958-04-13 18:47:44"),
       (10, "Leigh", "Stone", "1967-06-23 23:41:43");
INSERT INTO `customer` (`id`, `first_name`, `last_name`, `birth_date`)
VALUES (11, "Iliana", "Glenn", "1965-02-27 14:33:56"),
       (12, "Harrison", "Haley", "1956-06-28 03:15:41"),
       (13, "Leonard", "Zamora", "1956-03-28 15:03:09"),
       (14, "Hiroko", "Wyatt", "1960-08-22 23:53:50"),
       (15, "Cameron", "Carlson", "1969-05-12 11:10:09"),
       (16, "Hunter", "Avery", "1953-11-19 12:52:42"),
       (17, "Aimee", "Cox", "1976-10-15 12:56:50"),
       (18, "Yen", "Delgado", "1990-02-06 10:25:36"),
       (19, "Gemma", "Peterson", "1989-04-02 23:42:09"),
       (20, "Lani", "Faulkner", "1970-09-18 17:22:14");
INSERT INTO `customer` (`id`, `first_name`, `last_name`, `birth_date`)
VALUES (21, "Iola", "Cannon", "1954-01-12 16:56:45"),
       (22, "Whitney", "Shaffer", "1951-03-19 01:27:18"),
       (23, "Jerome", "Moran", "1968-03-16 05:26:22"),
       (24, "Quinn", "Wheeler", "1979-06-19 16:24:22"),
       (25, "Mira", "Wilder", "1961-12-27 12:11:07"),
       (26, "Tobias", "Holloway", "1968-08-13 20:36:19"),
       (27, "Shaine", "Schneider", "1958-03-08 09:47:10"),
       (28, "Harding", "Gonzales", "1952-04-11 02:06:25"),
       (29, "Calista", "Nieves", "1970-02-17 13:29:59"),
       (30, "Duncan", "Norman", "1987-09-13 00:54:49");
INSERT INTO `customer` (`id`, `first_name`, `last_name`, `birth_date`)
VALUES (31, "Fatima", "Hamilton", "1961-06-16 14:29:11"),
       (32, "Ali", "Browning", "1979-03-27 17:09:37"),
       (33, "Erin", "Sosa", "1990-08-23 10:43:58"),
       (34, "Carol", "Harmon", "1972-01-14 07:19:39"),
       (35, "Illiana", "Fitzgerald", "1970-08-19 02:33:46"),
       (36, "Stephen", "Riley", "1954-06-05 08:34:03"),
       (37, "Hermione", "Waller", "1969-09-08 01:19:07"),
       (38, "Desiree", "Flowers", "1952-06-25 13:34:45"),
       (39, "Karyn", "Blackburn", "1977-03-30 13:08:02"),
       (40, "Briar", "Carroll", "1985-03-26 01:03:34");
INSERT INTO `customer` (`id`, `first_name`, `last_name`, `birth_date`)
VALUES (41, "Chaney", "Green", "1987-04-20 18:56:53"),
       (42, "Robert", "Higgins", "1985-09-26 11:25:10"),
       (43, "Lillith", "House", "1982-12-06 02:24:23"),
       (44, "Astra", "Winters", "1952-03-13 01:13:07"),
       (45, "Cherokee", "Stephenson", "1955-10-23 16:57:33"),
       (46, "Yuri", "Shaw", "1958-07-14 15:10:07"),
       (47, "Boris", "Sparks", "1982-01-01 10:56:34"),
       (48, "Wilma", "Blake", "1963-06-07 16:32:33"),
       (49, "Brynne", "Morse", "1964-09-21 01:05:25"),
       (50, "Ila", "Conley", "1953-11-02 05:12:57");
INSERT INTO `customer` (`id`, `first_name`, `last_name`, `birth_date`)
VALUES (51, "Sharon", "Watts", "1964-01-09 16:32:37"),
       (52, "Kareem", "Vaughan", "1952-04-18 15:37:10"),
       (53, "Eden", "Barnes", "1954-07-04 01:26:44"),
       (54, "Kenyon", "Fulton", "1975-08-23 22:17:52"),
       (55, "Mona", "Ball", "1972-02-11 04:15:45"),
       (56, "Moses", "Cortez", "1979-04-24 15:26:46"),
       (57, "Macy", "Banks", "1956-12-31 00:41:15"),
       (58, "Brenna", "Mendez", "1972-10-02 07:58:27"),
       (59, "Emerald", "Ewing", "1985-11-28 21:15:20"),
       (60, "Lev", "Mcfarland", "1951-05-20 14:30:07");
INSERT INTO `customer` (`id`, `first_name`, `last_name`, `birth_date`)
VALUES (61, "Norman", "Tanner", "1959-07-29 15:41:45"),
       (62, "Alexa", "Walters", "1977-12-06 16:41:17"),
       (63, "Dara", "Hyde", "1989-08-04 14:06:43"),
       (64, "Hu", "Sampson", "1978-11-01 17:10:23"),
       (65, "Jasmine", "Cardenas", "1969-02-15 20:08:06"),
       (66, "Julian", "Bentley", "1954-07-11 03:27:51"),
       (67, "Samson", "Brown", "1967-10-15 07:03:59"),
       (68, "Gisela", "Hogan", "1985-01-19 03:16:20"),
       (69, "Jeanette", "Cummings", "1986-09-07 18:25:52"),
       (70, "Galena", "Perkins", "1984-01-13 02:15:31");
INSERT INTO `customer` (`id`, `first_name`, `last_name`, `birth_date`)
VALUES (71, "Olga", "Mays", "1981-11-20 22:39:27"),
       (72, "Ferdinand", "Austin", "1956-08-08 09:08:02"),
       (73, "Zenia", "Anthony", "1964-08-21 05:45:16"),
       (74, "Hop", "Hampton", "1982-07-22 14:11:00"),
       (75, "Shaine", "Vang", "1970-08-13 15:58:28"),
       (76, "Ariana", "Cochran", "1959-12-04 01:18:36"),
       (77, "India", "Paul", "1963-10-10 05:24:03"),
       (78, "Karina", "Doyle", "1979-12-01 00:05:21"),
       (79, "Delilah", "Johnston", "1989-03-04 23:50:01"),
       (80, "Hilel", "Hood", "1959-08-22 06:40:48");
INSERT INTO `customer` (`id`, `first_name`, `last_name`, `birth_date`)
VALUES (81, "Kennedy", "Hoffman", "1963-10-14 20:18:35"),
       (82, "Kameko", "Bell", "1976-06-08 15:35:54"),
       (83, "Lunea", "Gutierrez", "1964-06-07 16:21:24"),
       (84, "William", "Burris", "1980-05-01 17:58:23"),
       (85, "Kiara", "Walls", "1955-12-27 18:57:15"),
       (86, "Latifah", "Alexander", "1980-06-19 10:39:50"),
       (87, "Keaton", "Ward", "1964-10-12 16:03:18"),
       (88, "Jasper", "Clements", "1970-03-05 00:29:49"),
       (89, "Claire", "Brown", "1972-02-11 00:43:58"),
       (90, "Noble", "Morgan", "1955-09-05 05:35:01");
INSERT INTO `customer` (`id`, `first_name`, `last_name`, `birth_date`)
VALUES (91, "Evangeline", "Horn", "1952-12-28 14:06:27"),
       (92, "Jonah", "Harrell", "1951-06-25 17:37:35"),
       (93, "Mira", "Espinoza", "1982-03-26 06:01:16"),
       (94, "Brennan", "Oneill", "1979-04-23 08:49:02"),
       (95, "Dacey", "Howe", "1983-02-06 19:11:00"),
       (96, "Yoko", "Pittman", "1982-09-12 02:18:52"),
       (97, "Cody", "Conway", "1971-05-26 07:09:58"),
       (98, "Jordan", "Knowles", "1981-12-30 02:20:01"),
       (99, "Pearl", "Boyer", "1957-10-19 14:26:49"),
       (100, "Keely", "Montoya", "1985-03-24 01:18:09");

INSERT INTO `customer` (`id`, `first_name`, `last_name`, `birth_date`)
VALUES (101, "Anita", "Stevens", "1993-11-05 11:42:40"),
       (102, "Christopher", "Cooper", "2001-11-21 08:10:33"),
       (103, "Tina", "Baker", "1989-01-09 00:02:49"),
       (104, "Dawn", "Jackson", "2006-11-30 14:38:31"),
       (105, "Jeremy", "Miller", "1966-05-15 16:38:05"),
       (106, "Troy", "Clark", "1998-06-11 01:51:46"),
       (107, "Sierra", "Gilbert", "1990-08-04 06:48:47"),
       (108, "Joe", "Hall", "2000-05-09 20:38:54"),
       (109, "Christine", "Blair", "2001-09-09 08:05:12"),
       (110, "Kathleen", "Walker", "1969-09-06 19:22:36"),
       (111, "Pamela", "Martin", "1983-06-07 18:07:25"),
       (112, "Joyce", "Gregory", "1993-12-19 22:54:02"),
       (113, "Wanda", "Howell", "1971-03-30 02:39:57"),
       (114, "Lindsey", "Moses", "2004-07-15 06:26:00"),
       (115, "Hannah", "Cohen", "1999-02-04 20:19:23"),
       (116, "Eddie", "Lee", "1976-02-05 05:27:16"),
       (117, "Cody", "Nixon", "1973-10-19 05:46:52"),
       (118, "Chad", "Cruz", "1994-06-17 22:47:13"),
       (119, "Angelica", "Meza", "1990-01-07 02:14:43"),
       (120, "Kelly", "Weber", "1999-07-28 12:28:48"),
       (121, "Jacqueline", "Green", "1988-01-26 21:02:35"),
       (122, "Katie", "Robinson", "1965-08-04 00:11:37"),
       (123, "Bryan", "Mcbride", "1984-09-19 10:01:45"),
       (124, "Cynthia", "Shepherd", "2006-03-18 02:44:50"),
       (125, "Hector", "Rivera", "1968-11-01 19:27:25"),
       (126, "Herbert", "Black", "1963-03-03 20:31:49"),
       (127, "Donald", "Ray", "1959-08-16 10:41:30"),
       (128, "Shelly", "Ford", "1971-07-24 20:19:52"),
       (129, "Nicole", "Dyer", "2004-08-23 06:14:03"),
       (130, "Christine", "Cherry", "1974-01-28 15:12:07"),
       (131, "Patrick", "Thompson", "2005-01-04 02:03:57"),
       (132, "Jeremy", "Hendrix", "1996-01-22 17:03:20"),
       (133, "Blake", "Johnson", "1955-02-13 08:50:20"),
       (134, "Douglas", "Gonzalez", "1956-01-24 20:12:11"),
       (135, "Robert", "Jennings", "1984-04-25 07:01:38"),
       (136, "Tyler", "Sharp", "1972-08-18 13:49:56"),
       (137, "Beverly", "Quinn", "2003-09-19 12:55:51"),
       (138, "Paul", "Green", "1990-12-27 18:39:52"),
       (139, "Thomas", "Terrell", "1976-04-26 11:21:22"),
       (140, "Christopher", "Santiago", "1960-10-17 22:42:27"),
       (141, "Austin", "Miranda", "2000-02-04 02:06:59"),
       (142, "Kathleen", "Smith", "1979-05-24 22:46:44"),
       (143, "Rebecca", "Garcia", "1995-11-17 00:17:23"),
       (144, "Jeffrey", "Hale", "1955-03-30 18:56:20"),
       (145, "Deborah", "Thompson", "1955-05-15 03:34:42"),
       (146, "Paula", "Small", "1992-03-13 10:34:55"),
       (147, "Holly", "Baker", "1961-01-01 19:22:47"),
       (148, "Karen", "Ross", "1963-10-08 22:21:28"),
       (149, "Richard", "Barrera", "1983-11-14 04:49:46"),
       (150, "Jody", "Herring", "1998-02-10 21:37:18"),
       (151, "Sarah", "Peterson", "1997-04-22 14:01:25"),
       (152, "Kyle", "Johnson", "1989-10-18 20:10:07"),
       (153, "Darren", "Graham", "2002-09-11 06:11:54"),
       (154, "Eric", "Butler", "2001-01-21 21:22:01"),
       (155, "Lisa", "Hernandez", "1991-02-05 17:57:06"),
       (156, "David", "Lopez", "1984-07-24 15:17:00"),
       (157, "Susan", "Powers", "2005-01-20 12:49:17"),
       (158, "Andrew", "Harrison", "1979-02-09 00:38:02"),
       (159, "Cynthia", "Woodard", "1959-12-13 20:04:14"),
       (160, "Terri", "Maddox", "1968-05-01 11:37:19"),
       (161, "Charles", "Watson", "1984-09-11 17:58:43"),
       (162, "Jessica", "Kennedy", "2005-05-30 11:24:45"),
       (163, "Jennifer", "Hudson", "1977-07-08 14:14:42"),
       (164, "William", "Evans", "1962-03-14 00:19:16"),
       (165, "Ashley", "Arnold", "2000-08-26 09:37:09"),
       (166, "Jennifer", "Clayton", "1994-12-16 19:37:21"),
       (167, "Ruth", "Thornton", "1956-01-17 16:59:21"),
       (168, "Steven", "English", "1971-08-20 14:58:50"),
       (169, "Erica", "Burnett", "1981-08-26 18:35:22"),
       (170, "Ronald", "Nguyen", "1992-11-22 00:24:06"),
       (171, "Susan", "Williams", "1985-06-15 21:51:31"),
       (172, "Aaron", "Moore", "1986-11-10 03:35:47"),
       (173, "Alexander", "Simmons", "1963-01-03 03:57:35"),
       (174, "Heather", "Gonzales", "1960-09-04 12:21:17"),
       (175, "William", "Black", "2005-07-03 16:55:32"),
       (176, "Johnny", "Ingram", "1982-10-26 03:31:05"),
       (177, "Tracey", "Lee", "1986-08-13 02:40:54"),
       (178, "Brenda", "Hall", "1966-06-25 09:17:24"),
       (179, "Nancy", "Campbell", "1992-07-28 08:05:22"),
       (180, "Matthew", "Griffin", "1966-06-09 18:37:49"),
       (181, "Kellie", "Torres", "1969-01-04 11:05:03"),
       (182, "Brendan", "Medina", "1976-02-27 07:25:00"),
       (183, "James", "Garcia", "1959-05-19 16:53:02"),
       (184, "Joseph", "Guerra", "1964-01-30 00:40:58"),
       (185, "William", "Burke", "2000-08-15 14:42:55"),
       (186, "Melinda", "Taylor", "1999-06-14 00:16:11"),
       (187, "Edward", "Hunter", "1972-07-04 12:35:03"),
       (188, "Melinda", "Novak", "1977-04-25 14:07:54"),
       (189, "Emily", "Rodriguez", "1997-06-09 17:03:03"),
       (190, "James", "Hall", "1991-07-10 09:48:22"),
       (191, "Diana", "Hudson", "1975-01-01 19:04:50"),
       (192, "Allison", "Collins", "1971-01-28 23:11:31"),
       (193, "Brenda", "Potter", "1957-04-03 23:36:56"),
       (194, "Mary", "Roberts", "1976-08-05 18:29:50"),
       (195, "Stephanie", "Thompson", "1971-03-28 03:57:09"),
       (196, "Brian", "Gonzalez", "1986-07-29 04:13:08"),
       (197, "Fernando", "Fleming", "1981-09-01 05:13:10"),
       (198, "Russell", "Clark", "1989-05-29 00:20:39"),
       (199, "Julia", "Gray", "2005-10-03 10:36:07"),
       (200, "Steven", "Chen", "1989-05-28 09:30:21"),
       (201, "Craig", "Gray", "1958-10-11 04:15:36"),
       (202, "Kimberly", "Smith", "1995-11-23 09:53:56"),
       (203, "Amber", "Wong", "1983-04-14 16:50:00"),
       (204, "Paul", "Salinas", "1977-03-22 02:14:58"),
       (205, "Brandon", "Watson", "1981-03-10 03:25:04"),
       (206, "Jessica", "Thompson", "1999-04-01 13:19:34"),
       (207, "Brianna", "Barnes", "2001-02-28 12:00:42"),
       (208, "Madison", "Velazquez", "2000-05-12 07:51:31"),
       (209, "Natalie", "Espinoza", "1990-02-16 20:47:21"),
       (210, "Jeremy", "Perez", "2005-03-24 19:28:32"),
       (211, "Troy", "Simpson", "1975-01-22 18:51:07"),
       (212, "Joseph", "Cruz", "1959-10-11 12:25:14"),
       (213, "Melissa", "Stephens", "1973-06-10 16:28:14"),
       (214, "Charlotte", "Morales", "1960-08-17 03:08:02"),
       (215, "Michael", "Fowler", "1968-10-01 06:28:31"),
       (216, "Madison", "Montoya", "1965-10-02 16:30:55"),
       (217, "Catherine", "Moore", "2001-01-24 17:03:00"),
       (218, "Brittney", "Wilkinson", "1958-09-25 10:05:17"),
       (219, "James", "Bradford", "1987-01-16 06:05:42"),
       (220, "Jasmine", "Johnson", "1991-10-26 05:10:36"),
       (221, "Jessica", "Patel", "1995-02-15 08:41:32"),
       (222, "Jennifer", "Johnson", "1961-06-14 20:52:32"),
       (223, "Connie", "Cooke", "1974-04-10 03:33:20"),
       (224, "Nicholas", "Sharp", "1999-10-03 08:12:00"),
       (225, "Erik", "Taylor", "1965-03-03 21:03:03"),
       (226, "Teresa", "Melton", "1955-03-01 22:46:38"),
       (227, "Aaron", "Hall", "1991-04-25 09:37:37"),
       (228, "William", "Butler", "1962-05-20 05:48:46"),
       (229, "Amy", "Valdez", "1999-12-22 12:23:44"),
       (230, "Ashley", "Gomez", "1986-07-28 07:42:17"),
       (231, "Brandon", "White", "1970-03-26 01:29:41"),
       (232, "Christopher", "Simpson", "1985-10-19 01:01:47"),
       (233, "Jacob", "Moon", "1979-05-20 20:13:40"),
       (234, "Marisa", "Caldwell", "1977-05-12 17:12:39"),
       (235, "Crystal", "King", "1966-01-11 21:20:13"),
       (236, "Megan", "Moore", "1968-07-19 04:46:45"),
       (237, "Robin", "Fernandez", "1962-01-08 04:33:52"),
       (238, "Tyler", "Hanna", "1962-09-02 00:57:24"),
       (239, "Jamie", "Hunt", "2003-01-28 14:32:24"),
       (240, "Andrew", "Hunter", "2000-06-15 12:29:52"),
       (241, "Tammy", "Graham", "1958-03-09 11:25:12"),
       (242, "Carl", "Gonzalez", "1962-07-08 00:37:13"),
       (243, "Kristie", "Bray", "1992-12-15 08:02:32"),
       (244, "Jason", "Hawkins", "1988-04-16 06:09:45"),
       (245, "Elizabeth", "Carter", "1996-01-18 22:10:25"),
       (246, "Natasha", "Williams", "1960-02-14 10:28:04"),
       (247, "Jose", "Jefferson", "1969-11-07 20:51:54"),
       (248, "Dustin", "Ortega", "1962-05-15 18:18:38"),
       (249, "Michael", "Ball", "1955-08-31 16:13:08"),
       (250, "Jacqueline", "Rice", "1976-09-11 02:56:16"),
       (251, "Joseph", "Lewis", "1959-05-19 14:32:57"),
       (252, "Pamela", "Baker", "1970-10-04 06:56:42"),
       (253, "Elizabeth", "Richardson", "1964-01-05 04:43:03"),
       (254, "David", "Gilbert", "2004-08-30 19:47:41"),
       (255, "Ashley", "Romero", "2003-12-28 23:11:52"),
       (256, "Matthew", "Haney", "1963-05-16 06:11:14"),
       (257, "Jason", "Campbell", "1984-03-22 14:38:17"),
       (258, "Brittany", "Torres", "1969-05-10 13:45:40"),
       (259, "Alexa", "Nelson", "2003-08-13 11:03:02"),
       (260, "Charles", "Schmidt", "2002-11-17 01:44:44"),
       (261, "Teresa", "Fischer", "1965-10-26 16:27:49"),
       (262, "Carolyn", "Peterson", "1987-11-06 01:22:04"),
       (263, "Alexander", "Austin", "2006-02-20 15:17:55"),
       (264, "Sheila", "Martin", "2002-08-09 18:26:16"),
       (265, "Kelly", "Hodges", "2003-08-27 20:01:46"),
       (266, "Debbie", "Griffin", "1989-02-20 18:02:20"),
       (267, "Alex", "Benson", "1971-04-02 03:35:45"),
       (268, "Stephanie", "Saunders", "1991-12-26 22:31:10"),
       (269, "Charles", "Barnett", "1971-12-06 20:41:01"),
       (270, "Susan", "Ramirez", "1970-04-04 11:53:26"),
       (271, "Krista", "Roy", "2001-07-12 20:21:52"),
       (272, "Nicole", "Mcclain", "2006-01-02 17:32:31"),
       (273, "Sabrina", "Brooks", "1955-02-28 16:05:30"),
       (274, "Susan", "Price", "1968-02-01 11:49:44"),
       (275, "Sheryl", "Mckay", "1971-03-18 06:05:44"),
       (276, "Angela", "Koch", "1974-10-17 17:05:30"),
       (277, "Gary", "Gonzalez", "2001-11-14 15:59:43"),
       (278, "Bruce", "Rodriguez", "1976-11-23 01:27:18"),
       (279, "William", "Rojas", "1984-11-11 17:31:58"),
       (280, "Joel", "Mcbride", "1963-07-31 04:13:42"),
       (281, "Danielle", "Ramirez", "1988-12-15 23:07:54"),
       (282, "Michael", "Turner", "2001-12-03 10:54:43"),
       (283, "Kevin", "Sandoval", "1989-11-15 03:42:04"),
       (284, "James", "James", "1993-06-02 16:50:06"),
       (285, "Deborah", "Phillips", "1956-03-04 20:04:00"),
       (286, "Mary", "Scott", "1975-11-14 15:53:49"),
       (287, "David", "Austin", "1998-11-11 08:17:37"),
       (288, "Misty", "Brooks", "1997-05-17 19:44:04"),
       (289, "Amanda", "Holt", "2005-07-23 10:38:53"),
       (290, "Ronald", "Newman", "1993-08-12 21:00:29"),
       (291, "Joshua", "Reynolds", "2006-09-01 17:03:59"),
       (292, "Charles", "Turner", "1989-02-04 16:33:59"),
       (293, "Nicholas", "Murillo", "1986-05-27 10:46:15"),
       (294, "Amy", "Mcmillan", "1961-10-26 07:13:03"),
       (295, "Jillian", "Andrade", "2000-06-12 13:55:39"),
       (296, "Trevor", "Miller", "1967-11-11 21:25:18"),
       (297, "Gina", "Wilson", "1995-05-16 11:59:16"),
       (298, "Miguel", "Baker", "1958-02-20 04:11:47"),
       (299, "Laura", "Chan", "1990-07-10 09:15:37"),
       (300, "Benjamin", "Lam", "1995-05-06 11:20:43"),
       (301, "Tammy", "Miller", "1992-01-22 03:31:29"),
       (302, "Kayla", "Liu", "1992-01-10 17:00:15"),
       (303, "April", "Cherry", "1971-12-07 12:48:17"),
       (304, "Amanda", "Jackson", "1994-08-25 01:08:01"),
       (305, "Christopher", "Chavez", "1985-01-15 00:52:14"),
       (306, "Kimberly", "Richards", "1959-02-27 05:19:59"),
       (307, "Christopher", "Turner", "1979-07-30 01:25:34"),
       (308, "Mark", "Garza", "1996-07-26 08:30:41"),
       (309, "Judith", "Williams", "1961-10-30 20:06:22"),
       (310, "Nathan", "Olsen", "1998-04-23 21:14:36"),
       (311, "Mercedes", "Sutton", "1997-02-08 15:51:37"),
       (312, "Stephen", "Vega", "1955-07-30 18:54:00"),
       (313, "Logan", "Owens", "1967-02-22 09:46:23"),
       (314, "Kevin", "Gonzalez", "1970-10-11 13:17:11"),
       (315, "Alexander", "Anderson", "1991-02-22 17:19:51"),
       (316, "John", "Moore", "1971-10-16 10:17:09"),
       (317, "James", "Willis", "1956-12-02 12:50:39"),
       (318, "Christopher", "Novak", "1988-09-07 03:41:16"),
       (319, "Gregory", "Cobb", "1980-03-07 09:21:15"),
       (320, "Kayla", "Barber", "1982-05-28 22:40:03"),
       (321, "Brett", "Pearson", "1985-05-19 19:03:34"),
       (322, "Alyssa", "Lopez", "1975-05-13 14:28:44"),
       (323, "Stephanie", "Smith", "1988-05-12 23:28:17"),
       (324, "Pamela", "Murphy", "1979-04-21 06:01:17"),
       (325, "Shane", "Grant", "1969-12-09 12:46:31"),
       (326, "Kimberly", "Diaz", "1984-07-07 21:24:10"),
       (327, "Billy", "Hill", "1969-01-08 18:27:07"),
       (328, "Michele", "White", "1987-06-30 09:01:40"),
       (329, "Alicia", "Sawyer", "1967-06-20 14:55:10"),
       (330, "Bryan", "Dawson", "1997-04-16 22:51:27"),
       (331, "Rachel", "Garcia", "1978-07-07 16:34:53"),
       (332, "William", "Ellis", "1977-06-19 04:29:47"),
       (333, "Victoria", "Conrad", "2006-06-10 21:09:06"),
       (334, "Brittany", "Riddle", "1990-04-22 05:12:44"),
       (335, "Brittany", "Perkins", "2001-03-01 12:43:41"),
       (336, "Christopher", "Lewis", "1987-08-04 08:57:25"),
       (337, "Jessica", "Cobb", "1977-04-11 04:39:37"),
       (338, "Jasmine", "White", "1996-08-01 14:47:45"),
       (339, "Tracy", "Warner", "1960-01-06 17:22:14"),
       (340, "Victor", "Gutierrez", "1986-09-13 09:53:42"),
       (341, "Kerry", "Jenkins", "1969-04-03 23:00:05"),
       (342, "Jessica", "Green", "1970-10-31 17:23:25"),
       (343, "Steven", "Drake", "1964-10-08 21:43:06"),
       (344, "Stephen", "Mann", "1995-07-30 17:30:00"),
       (345, "Julia", "Holland", "2001-07-18 04:11:06"),
       (346, "Natalie", "Diaz", "2006-08-06 06:28:01"),
       (347, "Anna", "Matthews", "1989-11-04 20:27:00"),
       (348, "Rebekah", "Warren", "1963-07-29 20:49:58"),
       (349, "Devin", "Maxwell", "2006-06-14 19:28:25"),
       (350, "Thomas", "Johnson", "1989-08-19 02:38:34"),
       (351, "Daniel", "Taylor", "1961-12-05 02:11:16"),
       (352, "Ronald", "Johnson", "1999-01-14 15:07:38"),
       (353, "Mitchell", "Robbins", "1988-07-12 22:16:40"),
       (354, "Eric", "Moore", "1968-04-18 14:21:53"),
       (355, "Laura", "Garcia", "1963-07-13 17:19:11"),
       (356, "Melissa", "Murray", "1990-03-06 14:24:50"),
       (357, "Brooke", "Santiago", "1982-07-22 11:48:06"),
       (358, "Taylor", "Cummings", "2002-12-27 22:57:57"),
       (359, "Harry", "James", "2001-01-21 01:22:56"),
       (360, "Anthony", "Dodson", "1967-09-03 23:11:52"),
       (361, "Angela", "Richardson", "2003-09-21 23:21:56"),
       (362, "Nathan", "Chen", "1981-09-05 08:27:10"),
       (363, "David", "Morales", "1992-09-15 02:57:49"),
       (364, "David", "Rivers", "1977-10-09 23:57:51"),
       (365, "Debra", "Baker", "2000-10-30 08:43:50"),
       (366, "Eric", "Mann", "1992-01-25 03:51:52"),
       (367, "Christine", "Price", "2005-05-09 02:36:56"),
       (368, "Leslie", "Reid", "1976-05-27 05:09:49"),
       (369, "Carol", "King", "1996-03-09 09:51:32"),
       (370, "John", "Munoz", "1981-05-04 05:23:07"),
       (371, "Benjamin", "Gregory", "1966-03-25 12:15:44"),
       (372, "Michael", "Bond", "2004-04-03 19:08:57"),
       (373, "Tammy", "Johnson", "1994-04-17 20:02:35"),
       (374, "Kenneth", "Baker", "1987-11-10 02:06:58"),
       (375, "Anthony", "Hoover", "2005-10-16 18:46:28"),
       (376, "Cristian", "Watson", "1993-07-22 20:28:59"),
       (377, "Michele", "Johnson", "1960-07-14 04:04:09"),
       (378, "Barry", "Rice", "1959-03-04 19:35:22"),
       (379, "Jessica", "Palmer", "1981-11-26 11:45:37"),
       (380, "Rachel", "Rivera", "1982-02-16 23:20:50"),
       (381, "Patrick", "Cooper", "1958-08-18 07:13:32"),
       (382, "Emily", "Williams", "1967-11-16 15:29:23"),
       (383, "James", "Wilson", "1966-05-18 18:53:06"),
       (384, "Wanda", "Edwards", "2005-04-01 23:26:58"),
       (385, "Anthony", "Howard", "1958-04-29 10:55:47"),
       (386, "Jesse", "Cobb", "1959-10-11 10:06:58"),
       (387, "Joseph", "Rowe", "1958-07-15 12:44:44"),
       (388, "Paul", "Powell", "1989-10-18 21:29:58"),
       (389, "Kristen", "Morales", "1964-12-12 04:59:53"),
       (390, "Monica", "Fowler", "1968-10-02 10:22:46"),
       (391, "Patrick", "Rivas", "1971-02-21 21:54:00"),
       (392, "Christopher", "Rosario", "1983-06-09 09:04:30"),
       (393, "Karen", "Maxwell", "2000-08-16 09:59:08"),
       (394, "Maria", "Delgado", "1970-05-29 17:39:28"),
       (395, "Ian", "King", "1965-08-09 15:25:50"),
       (396, "Brett", "Ray", "1981-08-25 07:05:39"),
       (397, "Willie", "Osborne", "1957-04-09 13:12:35"),
       (398, "Mark", "Padilla", "1991-05-23 08:18:40"),
       (399, "Bryan", "Jones", "1991-10-28 12:36:36"),
       (400, "Rose", "Hall", "1955-02-13 20:27:10"),
       (401, "Joseph", "Gilmore", "1958-06-23 00:48:03"),
       (402, "Matthew", "Garcia", "1999-08-16 00:02:06"),
       (403, "Daniel", "Schmidt", "1977-02-23 08:13:23"),
       (404, "Michael", "Brown", "1966-01-06 15:05:29"),
       (405, "Jennifer", "Smith", "1992-06-12 18:03:38"),
       (406, "Mariah", "Mitchell", "1975-02-10 12:20:51"),
       (407, "Logan", "Smith", "1994-08-05 02:42:23"),
       (408, "David", "Jimenez", "1987-01-02 06:07:05"),
       (409, "Michelle", "Ford", "1987-07-15 05:40:35"),
       (410, "Eric", "Bowman", "1973-04-26 03:15:41"),
       (411, "Katherine", "Cox", "2005-02-12 17:46:00"),
       (412, "Roy", "Thompson", "2006-08-05 06:01:28"),
       (413, "Amy", "Powell", "1959-07-03 15:09:39"),
       (414, "Ashley", "Hill", "1994-03-10 11:33:13"),
       (415, "Heidi", "Wilson", "1972-01-21 21:16:48"),
       (416, "Andrew", "Merritt", "1977-11-22 03:20:50"),
       (417, "Ryan", "Smith", "1986-08-29 09:38:28"),
       (418, "Laura", "Lee", "1992-02-24 21:48:31"),
       (419, "Jeffrey", "Henry", "1985-12-04 07:17:33"),
       (420, "April", "Rose", "1957-09-30 08:14:39"),
       (421, "Ashley", "Jensen", "1978-12-03 16:49:24"),
       (422, "Ricky", "Trujillo", "1986-06-15 11:26:12"),
       (423, "Jennifer", "Martin", "1962-01-30 22:06:18"),
       (424, "Melinda", "Cox", "1987-02-09 03:47:47"),
       (425, "Daniel", "Farmer", "1960-11-05 01:00:15"),
       (426, "Benjamin", "Brown", "1979-03-26 04:33:29"),
       (427, "Nicole", "Villarreal", "1979-12-12 10:28:07"),
       (428, "Kevin", "Carlson", "1970-12-29 04:10:45"),
       (429, "Damon", "Shaw", "1981-08-07 00:00:08"),
       (430, "Jamie", "Benson", "1979-12-01 09:38:51"),
       (431, "Brian", "Waters", "1963-10-02 09:44:42"),
       (432, "Shelly", "Rodriguez", "2005-08-11 07:45:01"),
       (433, "Carl", "Fox", "1987-08-17 07:15:59"),
       (434, "Brittany", "House", "1959-04-11 01:58:39"),
       (435, "Kyle", "Adams", "1998-07-30 02:50:24"),
       (436, "Kimberly", "Pierce", "2004-03-11 21:46:47"),
       (437, "Louis", "Olson", "1960-07-01 15:16:23"),
       (438, "Jillian", "Collins", "1992-04-09 07:35:50"),
       (439, "Emma", "Miles", "2002-01-29 09:45:32"),
       (440, "Wayne", "Smith", "1971-04-09 22:29:46"),
       (441, "Samantha", "Huynh", "1997-07-29 06:17:22"),
       (442, "Amber", "Chandler", "1981-01-10 16:27:08"),
       (443, "Richard", "Clark", "2002-03-14 06:48:05"),
       (444, "Mark", "Bennett", "1995-03-19 10:32:47"),
       (445, "Shane", "Vasquez", "1996-11-04 10:51:58"),
       (446, "Sara", "Patterson", "1995-01-14 10:01:14"),
       (447, "Dale", "Reynolds", "1991-11-25 09:50:34"),
       (448, "Meredith", "Russo", "1982-01-12 01:03:18"),
       (449, "Jeff", "Kelly", "2006-07-17 23:17:46"),
       (450, "Steven", "Wagner", "1978-06-04 19:30:52"),
       (451, "Deborah", "Hancock", "1973-07-12 14:07:06"),
       (452, "Timothy", "Becker", "1993-09-01 23:04:10"),
       (453, "Lisa", "Miller", "1990-09-22 03:25:11"),
       (454, "Jon", "Everett", "1956-11-23 17:00:03"),
       (455, "Jessica", "Hughes", "1999-10-03 14:01:46"),
       (456, "Aaron", "Nelson", "1960-11-09 22:02:05"),
       (457, "Amber", "Smith", "1958-03-24 00:15:51"),
       (458, "Cheryl", "Stevens", "1987-09-16 18:04:57"),
       (459, "Tina", "Olson", "1979-03-12 20:37:37"),
       (460, "James", "Phillips", "1960-08-08 02:35:19"),
       (461, "Lauren", "Abbott", "1980-01-13 00:34:11"),
       (462, "Nicholas", "Bowman", "1990-07-20 20:35:54"),
       (463, "Samantha", "Torres", "1959-12-31 12:25:03"),
       (464, "Jennifer", "Evans", "1964-04-14 00:53:49"),
       (465, "Mark", "Griffith", "2003-07-07 17:43:03"),
       (466, "Melody", "Taylor", "2001-09-03 18:52:09"),
       (467, "Jennifer", "Peters", "1981-04-22 10:12:58"),
       (468, "Kimberly", "Patton", "1962-07-27 10:54:32"),
       (469, "Lisa", "Roberts", "1975-04-30 18:39:05"),
       (470, "Daniel", "Simpson", "1994-03-10 19:24:42"),
       (471, "Katie", "Harrison", "1963-12-31 23:33:24"),
       (472, "Mark", "Hernandez", "2000-04-18 11:02:48"),
       (473, "Katherine", "Bullock", "1998-06-21 04:26:55"),
       (474, "Shannon", "Stone", "1974-03-31 17:31:58"),
       (475, "Jesse", "Brooks", "2002-08-25 01:59:10"),
       (476, "Crystal", "Walton", "1996-08-13 09:06:03"),
       (477, "Troy", "Rasmussen", "2006-10-08 12:25:28"),
       (478, "Scott", "Gutierrez", "1987-01-07 15:33:05"),
       (479, "Rebecca", "Stevens", "1990-06-24 07:18:48"),
       (480, "Nicole", "Wagner", "1972-10-16 06:46:19"),
       (481, "Timothy", "White", "1966-04-23 01:13:03"),
       (482, "Shirley", "Oconnor", "1955-05-23 09:22:46"),
       (483, "John", "Davis", "1997-06-23 16:53:30"),
       (484, "Daniel", "Perry", "1970-05-30 23:38:39"),
       (485, "Amy", "Pacheco", "1996-09-14 05:38:21"),
       (486, "Charles", "Mcdaniel", "1986-11-13 10:29:55"),
       (487, "Deborah", "Casey", "1989-10-23 19:17:46"),
       (488, "Linda", "Brown", "1961-09-12 16:27:31"),
       (489, "Christopher", "Johnson", "1955-05-13 05:44:08"),
       (490, "Nicholas", "Mclean", "1958-03-08 15:42:53"),
       (491, "Cheryl", "Hogan", "1998-03-05 01:11:21"),
       (492, "Victoria", "Lee", "1978-03-11 03:10:23"),
       (493, "James", "Miller", "1972-08-23 22:32:30"),
       (494, "James", "Wilson", "1962-10-13 04:24:25"),
       (495, "Alicia", "Ortega", "1988-01-22 19:58:59"),
       (496, "Nancy", "Nguyen", "1961-08-25 10:45:11"),
       (497, "Daniel", "Ortiz", "1967-12-26 11:49:02"),
       (498, "Joseph", "Johnson", "2004-05-08 09:02:09"),
       (499, "Joseph", "Tran", "1974-01-19 06:29:10"),
       (500, "Benjamin", "Shaffer", "1957-06-18 22:58:37"),
       (501, "Ronald", "Choi", "1964-02-21 04:51:35"),
       (502, "Devin", "Lam", "1960-02-23 18:33:12"),
       (503, "Megan", "Winters", "2001-02-01 13:26:30"),
       (504, "Kelly", "Jones", "1994-09-01 13:27:20"),
       (505, "Samantha", "Vasquez", "1967-07-05 22:01:22"),
       (506, "Philip", "Holmes", "1976-01-09 02:19:15"),
       (507, "Nicholas", "Jordan", "2000-08-30 08:32:41"),
       (508, "James", "Cole", "1990-09-24 06:58:24"),
       (509, "Michael", "Wilson", "1973-06-25 12:12:33"),
       (510, "Sherry", "Lewis", "1958-04-14 12:56:41"),
       (511, "Douglas", "Hunt", "1978-10-09 12:14:52"),
       (512, "Brenda", "Hernandez", "2006-12-20 19:51:49"),
       (513, "Leah", "Powers", "1998-09-16 07:50:57"),
       (514, "Paul", "Murray", "1960-04-02 02:47:37"),
       (515, "James", "Quinn", "1979-12-21 21:22:40"),
       (516, "Jonathan", "Terrell", "1956-02-07 15:48:55"),
       (517, "Tyler", "Weaver", "1979-10-01 14:58:21"),
       (518, "Paula", "Banks", "1994-01-16 14:57:58"),
       (519, "Pamela", "Gray", "1982-06-02 00:13:10"),
       (520, "Tina", "Dominguez", "1968-06-15 03:49:31"),
       (521, "Whitney", "Horton", "1970-10-14 21:09:59"),
       (522, "Christopher", "Miller", "1983-12-05 20:13:24"),
       (523, "Thomas", "Bishop", "1969-08-16 18:50:49"),
       (524, "Michael", "Wallace", "1959-11-23 01:37:50"),
       (525, "Joseph", "Willis", "1993-04-07 20:44:25"),
       (526, "Ryan", "Marquez", "1961-09-30 09:18:13"),
       (527, "Rachel", "Brown", "1959-04-10 17:42:38"),
       (528, "Morgan", "Jackson", "1973-12-18 23:35:25"),
       (529, "Amber", "Russell", "1979-09-06 04:14:04"),
       (530, "Andrew", "Smith", "1965-04-28 09:14:44"),
       (531, "Edward", "Diaz", "1990-12-31 18:05:06"),
       (532, "Heather", "Adams", "1960-10-24 20:24:12"),
       (533, "Michael", "Herrera", "1979-08-07 03:34:45"),
       (534, "Clinton", "Brock", "1961-04-15 18:36:31"),
       (535, "Matthew", "Scott", "1971-09-15 12:29:17"),
       (536, "Kimberly", "Berry", "1978-12-18 10:02:42"),
       (537, "Justin", "Ramos", "1984-08-08 01:33:07"),
       (538, "Christina", "Browning", "1969-01-21 19:26:07"),
       (539, "Rachel", "Johnson", "1977-01-08 18:50:43"),
       (540, "Justin", "Eaton", "1960-10-10 03:50:18"),
       (541, "Amber", "Wiggins", "1961-09-27 15:01:33"),
       (542, "Kelly", "Kennedy", "2001-12-18 07:11:07"),
       (543, "Brian", "Collins", "2005-09-30 11:51:36"),
       (544, "Linda", "Hanna", "1957-02-02 09:01:48"),
       (545, "Albert", "Everett", "1999-08-15 19:53:20"),
       (546, "Omar", "Evans", "1974-12-02 07:37:06"),
       (547, "Stephanie", "Perry", "1962-04-02 15:36:51"),
       (548, "Dana", "Turner", "1959-09-24 21:30:05"),
       (549, "Renee", "Davis", "1997-10-21 14:53:37"),
       (550, "Lisa", "Kelly", "1958-04-18 22:08:33"),
       (551, "Carolyn", "Mendoza", "1981-10-31 11:49:44"),
       (552, "Katie", "Stewart", "1974-04-25 14:32:54"),
       (553, "Jamie", "Burton", "1976-07-18 19:14:51"),
       (554, "Christina", "Charles", "1984-06-26 01:36:20"),
       (555, "Samuel", "Jones", "1963-10-17 18:43:37"),
       (556, "Tyler", "Ferguson", "1957-06-21 19:01:25"),
       (557, "Kara", "Myers", "1998-12-11 11:51:24"),
       (558, "Joan", "Arnold", "1977-02-27 10:38:38"),
       (559, "Pamela", "Lewis", "1995-01-22 09:21:12"),
       (560, "Donna", "Wood", "1973-04-25 04:58:47"),
       (561, "Joseph", "Walsh", "2005-03-23 20:39:29"),
       (562, "Caroline", "Davis", "1995-09-18 23:03:36"),
       (563, "George", "Brandt", "2000-12-29 01:22:47"),
       (564, "Andrea", "Morales", "1960-04-05 03:02:08"),
       (565, "Sean", "Hart", "1965-01-06 00:42:18"),
       (566, "Diana", "Wilson", "2006-08-20 05:34:58"),
       (567, "Connor", "Zavala", "1999-01-14 12:10:00"),
       (568, "Vanessa", "Mitchell", "1997-03-15 08:18:09"),
       (569, "Crystal", "Conway", "1997-02-03 20:02:00"),
       (570, "Michelle", "Phillips", "1972-06-26 13:51:21"),
       (571, "Kenneth", "Byrd", "1995-04-15 15:22:14"),
       (572, "Marcus", "Hamilton", "1969-12-01 08:17:05"),
       (573, "Michael", "Bradshaw", "1968-03-22 09:08:41"),
       (574, "Maria", "Scott", "1967-02-07 10:01:25"),
       (575, "Zachary", "Gonzalez", "1974-12-20 03:04:55"),
       (576, "Victoria", "Robinson", "1975-06-25 19:08:25"),
       (577, "Michelle", "Fuller", "1978-06-13 07:28:24"),
       (578, "Julian", "Mason", "1989-03-10 17:23:24"),
       (579, "Andrew", "Davis", "1979-09-26 06:13:45"),
       (580, "Amber", "Davis", "1956-08-11 17:04:03"),
       (581, "Rebecca", "Rogers", "1992-03-22 13:09:33"),
       (582, "David", "Harper", "1958-04-17 15:34:30"),
       (583, "Frederick", "Rosario", "1979-05-30 04:44:13"),
       (584, "Rachel", "Graham", "1971-04-13 19:26:41"),
       (585, "Christopher", "Ford", "1974-03-06 11:43:46"),
       (586, "Monica", "Novak", "2003-02-10 07:14:21"),
       (587, "Elizabeth", "Cole", "2004-08-15 03:43:09"),
       (588, "Kimberly", "Davis", "1965-07-04 04:33:38"),
       (589, "Donald", "Kennedy", "1988-01-24 05:06:49"),
       (590, "Melanie", "Moore", "2003-08-05 09:00:37"),
       (591, "Joel", "Miller", "1968-08-14 00:09:32"),
       (592, "Eduardo", "Pope", "1982-12-30 21:46:59"),
       (593, "Jeffrey", "Adams", "1983-01-19 18:43:45"),
       (594, "Susan", "Oneill", "1970-03-23 10:42:44"),
       (595, "Mark", "Evans", "1989-10-09 20:53:23"),
       (596, "Lisa", "Harris", "1964-06-29 08:11:27"),
       (597, "Lisa", "Moore", "1972-09-17 20:21:56"),
       (598, "Cheryl", "Doyle", "2001-11-30 04:34:55"),
       (599, "Amanda", "Hernandez", "1990-08-16 11:19:44"),
       (600, "Janet", "Warren", "1989-09-25 05:16:05"),
       (601, "Robert", "Conner", "1984-03-02 17:02:02"),
       (602, "Kenneth", "Davidson", "1971-08-23 12:07:50"),
       (603, "Katrina", "Schmidt", "1963-10-06 07:14:28"),
       (604, "Daniel", "Dunn", "1969-02-08 07:11:09"),
       (605, "Robert", "Cooper", "1996-02-11 01:57:19"),
       (606, "Katherine", "Perry", "2005-07-08 16:37:14"),
       (607, "Brittany", "Mcknight", "1980-03-05 05:33:49"),
       (608, "William", "Garcia", "1957-03-05 16:42:24"),
       (609, "Amy", "Lee", "1977-08-29 05:13:02"),
       (610, "Jessica", "Waller", "1988-07-09 03:09:33"),
       (611, "Amber", "Gonzalez", "1990-04-28 18:23:52"),
       (612, "Vincent", "Simon", "2003-09-07 12:54:23"),
       (613, "Frank", "Hubbard", "1976-11-06 12:58:12"),
       (614, "Michael", "Beasley", "1977-04-04 17:17:29"),
       (615, "Kelly", "Mercado", "1978-08-29 01:22:06"),
       (616, "Paul", "Davis", "1996-07-14 21:51:13"),
       (617, "Heather", "Cooper", "2000-12-10 14:06:15"),
       (618, "Samuel", "Smith", "1970-05-18 08:53:05"),
       (619, "Dustin", "Leonard", "1979-07-01 08:02:49"),
       (620, "Anthony", "Woods", "1966-01-10 16:03:31"),
       (621, "Chelsey", "Fuller", "1975-07-15 06:25:59"),
       (622, "Tonya", "Richard", "1985-12-19 12:43:32"),
       (623, "Christina", "Bryant", "2005-07-25 03:32:08"),
       (624, "Autumn", "Cherry", "1976-05-31 15:49:20"),
       (625, "Robert", "Lee", "2003-01-15 16:55:25"),
       (626, "Laura", "Smith", "2002-10-20 01:25:08"),
       (627, "Seth", "Mcmahon", "1956-06-10 21:02:14"),
       (628, "Jennifer", "Walker", "1964-02-04 20:53:46"),
       (629, "Diane", "Dawson", "1977-01-02 19:36:28"),
       (630, "Shelby", "Huber", "1968-04-14 20:40:32"),
       (631, "David", "King", "1956-11-17 15:24:32"),
       (632, "James", "Walker", "1999-06-04 13:53:13"),
       (633, "Jason", "Lee", "1997-03-15 00:05:23"),
       (634, "Kevin", "Simpson", "1969-10-01 10:42:28"),
       (635, "Cory", "Barron", "1956-10-30 04:16:33"),
       (636, "Danielle", "Rowe", "2005-12-08 07:35:08"),
       (637, "Nicholas", "Gibson", "1955-07-02 13:41:37"),
       (638, "Justin", "Odom", "1994-09-02 05:02:23"),
       (639, "Holly", "Schroeder", "1987-11-05 17:53:33"),
       (640, "Kara", "Green", "1977-11-20 07:39:34"),
       (641, "Janice", "Perez", "1961-05-12 20:06:17"),
       (642, "James", "Fox", "1960-08-09 07:59:03"),
       (643, "Beth", "Hernandez", "1963-07-05 04:24:54"),
       (644, "Randall", "Bullock", "1960-02-27 06:52:47"),
       (645, "Danny", "Faulkner", "2002-04-14 09:31:20"),
       (646, "Nichole", "Hill", "2005-02-06 14:40:57"),
       (647, "James", "Kelly", "1982-10-01 19:20:58"),
       (648, "Jessica", "Young", "1983-05-27 22:30:07"),
       (649, "Paul", "Griffith", "1971-08-26 19:03:44"),
       (650, "Deanna", "Beck", "1984-10-31 04:35:18"),
       (651, "Christine", "Perez", "1994-10-17 00:37:52"),
       (652, "Alyssa", "Guzman", "2004-04-29 07:21:10"),
       (653, "Jodi", "Cochran", "2003-03-02 11:51:33"),
       (654, "Kathryn", "Franco", "1958-08-19 09:58:07"),
       (655, "Jocelyn", "Golden", "2003-12-08 16:11:36"),
       (656, "Tom", "Ellis", "1984-04-07 16:38:43"),
       (657, "Michael", "Payne", "1965-10-14 04:39:34"),
       (658, "Jonathan", "Cox", "1986-09-30 22:04:01"),
       (659, "Angela", "Bradley", "2006-12-19 01:35:25"),
       (660, "Derek", "Guerra", "2000-07-31 13:51:29"),
       (661, "David", "Pena", "1995-08-25 08:52:38"),
       (662, "Norma", "Martinez", "1992-09-02 12:15:04"),
       (663, "Thomas", "Duncan", "1971-04-12 20:06:56"),
       (664, "Victor", "Keller", "1968-09-29 18:23:25"),
       (665, "Tiffany", "Thomas", "1981-11-18 14:14:18"),
       (666, "Cindy", "Martinez", "2003-03-22 08:55:07"),
       (667, "Wendy", "Hill", "2002-07-06 05:27:42"),
       (668, "Rachel", "Cunningham", "2002-03-01 02:19:28"),
       (669, "Craig", "Escobar", "1975-09-28 08:28:30"),
       (670, "Kelly", "Brooks", "1994-11-17 07:12:33"),
       (671, "Anna", "Powers", "1966-10-02 22:12:23"),
       (672, "Robert", "Andrade", "1993-04-20 15:02:31"),
       (673, "Jason", "Smith", "1990-11-17 09:53:11"),
       (674, "Christopher", "Smith", "1971-09-05 13:16:57"),
       (675, "Patricia", "Miller", "2003-02-09 22:10:48"),
       (676, "Kenneth", "Dixon", "1999-11-08 09:00:44"),
       (677, "Eddie", "Ruiz", "1997-09-21 13:27:58"),
       (678, "Donald", "Booth", "1997-10-05 22:27:40"),
       (679, "Carolyn", "Moreno", "1982-01-26 03:39:44"),
       (680, "Andrew", "Ryan", "1991-10-08 00:38:33"),
       (681, "Nicole", "Greene", "1972-08-20 14:04:21"),
       (682, "Justin", "Rose", "1986-03-25 11:12:19"),
       (683, "Ashley", "Morales", "1973-06-10 11:39:06"),
       (684, "Victoria", "Smith", "1977-08-27 10:20:22"),
       (685, "Jorge", "Wu", "1988-10-06 14:34:17"),
       (686, "Katherine", "Smith", "1999-08-07 01:54:09"),
       (687, "Kelly", "Dunn", "1995-04-03 05:50:14"),
       (688, "Joseph", "Smith", "2005-03-16 08:41:09"),
       (689, "Amber", "Page", "1970-03-19 21:54:48"),
       (690, "Frank", "Moore", "1962-10-05 03:27:20"),
       (691, "Shannon", "Hicks", "1989-07-06 02:50:32"),
       (692, "Ashley", "Davis", "1968-05-15 18:53:14"),
       (693, "Brent", "Bolton", "1965-04-08 17:17:45"),
       (694, "Francis", "Nichols", "1975-05-17 22:37:59"),
       (695, "Katie", "Ramos", "1988-01-31 10:18:02"),
       (696, "Kaitlyn", "Green", "1966-10-15 13:41:30"),
       (697, "Vickie", "Barnes", "1963-02-16 15:46:18"),
       (698, "Dennis", "Manning", "2000-06-17 20:01:24"),
       (699, "Andrew", "Johnson", "1986-07-27 01:56:17"),
       (700, "John", "Wall", "2001-06-04 02:30:36"),
       (701, "Debra", "Vega", "1983-11-15 04:25:17"),
       (702, "Sherry", "Morris", "1957-05-25 00:42:36"),
       (703, "Robert", "Ramirez", "1958-10-09 07:12:10"),
       (704, "Justin", "Lane", "1980-12-18 01:25:59"),
       (705, "Kimberly", "Lopez", "1995-04-15 08:36:52"),
       (706, "Lisa", "Scott", "1976-09-16 04:03:59"),
       (707, "Brian", "Medina", "1992-05-03 12:31:47"),
       (708, "Debra", "Campos", "1971-12-31 03:50:29"),
       (709, "Anthony", "Martinez", "1973-03-05 08:52:54"),
       (710, "Mercedes", "Cooper", "1961-03-20 10:00:50"),
       (711, "Julia", "Church", "1978-07-25 12:58:48"),
       (712, "Russell", "Goodman", "1963-10-19 19:12:37"),
       (713, "Joseph", "Dixon", "1959-12-27 21:02:11"),
       (714, "Cynthia", "George", "1972-12-02 11:02:42"),
       (715, "Carmen", "Thomas", "1990-08-31 05:29:37"),
       (716, "Jennifer", "Jackson", "1966-11-19 07:25:11"),
       (717, "Sarah", "Wood", "1987-10-05 15:36:00"),
       (718, "Joseph", "Smith", "1991-04-02 04:57:12"),
       (719, "Garrett", "Henson", "2002-02-14 14:36:45"),
       (720, "Linda", "Miles", "1955-06-06 00:58:16"),
       (721, "Stephanie", "Kaufman", "1984-03-03 15:00:17"),
       (722, "Robert", "Bradley", "2006-10-16 12:16:25"),
       (723, "Brett", "Morris", "1993-01-17 19:32:11"),
       (724, "Heather", "Ramirez", "1984-01-01 15:00:49"),
       (725, "Marcia", "Cole", "1966-10-20 05:24:30"),
       (726, "Michael", "Cervantes", "1995-04-20 23:34:15"),
       (727, "Susan", "Clark", "1967-03-28 16:51:07"),
       (728, "Kurt", "Edwards", "2006-02-18 10:02:34"),
       (729, "Jimmy", "Garcia", "1969-08-27 03:13:00"),
       (730, "Steven", "Hansen", "1998-10-19 15:41:39"),
       (731, "Victor", "Martin", "1956-08-15 00:30:18"),
       (732, "Barbara", "Stevens", "1981-10-12 21:06:46"),
       (733, "Cassandra", "Hancock", "2005-08-21 21:51:33"),
       (734, "Thomas", "Walsh", "1987-06-20 10:10:01"),
       (735, "Michael", "Contreras", "1962-03-03 11:54:30"),
       (736, "Shaun", "Allen", "2002-06-13 14:45:25"),
       (737, "Sarah", "Mitchell", "1987-12-31 20:59:51"),
       (738, "Kayla", "Fischer", "1994-09-06 06:29:18"),
       (739, "Alejandro", "Sanders", "1977-05-27 00:41:25"),
       (740, "Amanda", "Rodriguez", "1976-10-27 08:36:30"),
       (741, "Andrew", "Williamson", "1986-03-05 08:53:13"),
       (742, "Crystal", "Harmon", "1956-05-09 14:12:38"),
       (743, "Cameron", "Walker", "1959-08-09 15:01:59"),
       (744, "Erin", "Torres", "1983-11-18 14:39:01"),
       (745, "Jacob", "Romero", "1999-10-02 03:12:21"),
       (746, "Cathy", "Carroll", "1994-02-09 11:04:18"),
       (747, "Elizabeth", "Ferguson", "1956-01-26 00:08:04"),
       (748, "Louis", "Patel", "1978-11-14 18:49:11"),
       (749, "Nicole", "Armstrong", "1980-12-27 01:43:21"),
       (750, "Kelly", "Jones", "1965-10-27 17:55:14"),
       (751, "Linda", "Murillo", "1982-07-23 05:23:34"),
       (752, "Brett", "Farrell", "1984-01-25 07:28:37"),
       (753, "Christine", "Aguirre", "1960-07-13 01:00:01"),
       (754, "William", "Castillo", "1969-02-04 14:54:45"),
       (755, "Sydney", "Hill", "1990-08-02 23:51:03"),
       (756, "Jose", "Morrow", "1978-06-24 06:22:56"),
       (757, "Kristi", "Wells", "1964-04-13 08:11:45"),
       (758, "David", "Robinson", "1983-05-14 15:35:16"),
       (759, "Michelle", "Park", "1985-12-03 18:44:46"),
       (760, "Michael", "Cook", "1991-09-19 13:12:34"),
       (761, "Michael", "Thomas", "1994-06-26 21:53:05"),
       (762, "Molly", "Chang", "1971-12-14 08:51:24"),
       (763, "Alicia", "Casey", "2002-01-08 18:43:10"),
       (764, "Steven", "Levy", "1969-05-16 09:04:03"),
       (765, "Angela", "Smith", "1984-01-27 21:34:06"),
       (766, "Gabriel", "Johnson", "1989-08-18 03:36:29"),
       (767, "Melanie", "Smith", "2005-06-16 17:21:18"),
       (768, "Raymond", "Smith", "1990-02-01 03:31:27"),
       (769, "Christina", "Vaughn", "1974-04-13 00:35:25"),
       (770, "Marcus", "Rodgers", "1977-01-08 11:55:09"),
       (771, "Dana", "Scott", "1984-12-20 04:39:43"),
       (772, "William", "Sanders", "1990-02-07 01:56:28"),
       (773, "Anna", "Herrera", "2001-07-31 13:55:27"),
       (774, "Steven", "Burns", "1958-11-20 17:40:47"),
       (775, "Samantha", "Jones", "1965-09-28 12:48:36"),
       (776, "Connie", "Herrera", "1988-03-13 17:59:17"),
       (777, "Gregg", "Potter", "1998-12-22 16:34:15"),
       (778, "Sandra", "Bailey", "1977-07-28 12:06:42"),
       (779, "Julie", "Price", "1972-09-10 11:42:29"),
       (780, "Andrew", "Lin", "1984-11-23 21:16:12"),
       (781, "Madison", "Hill", "1968-12-13 19:47:26"),
       (782, "Erica", "Dominguez", "1957-02-02 22:20:35"),
       (783, "Amanda", "Callahan", "2002-11-12 08:58:13"),
       (784, "Monique", "Simpson", "1971-04-14 06:26:05"),
       (785, "Thomas", "Castillo", "1956-02-20 08:31:39"),
       (786, "Margaret", "Rivera", "1965-10-02 00:09:26"),
       (787, "Jennifer", "Rasmussen", "1961-05-09 11:45:40"),
       (788, "Kathryn", "Wilkins", "2003-04-17 06:19:09"),
       (789, "Christina", "Sparks", "2004-09-12 13:46:14"),
       (790, "Elizabeth", "Smith", "1955-09-15 10:45:59"),
       (791, "Joan", "Lloyd", "2000-07-19 13:28:02"),
       (792, "Christopher", "Wood", "2003-02-04 08:54:34"),
       (793, "James", "Mckenzie", "1962-10-31 20:02:41"),
       (794, "Ronald", "Stein", "2000-05-12 07:04:39"),
       (795, "Albert", "Lewis", "1959-01-15 16:06:25"),
       (796, "Stephanie", "Ramos", "1955-01-08 11:05:33"),
       (797, "Charles", "Pratt", "1979-01-15 09:16:03"),
       (798, "Raymond", "Parker", "1981-07-05 00:47:31"),
       (799, "George", "Hoffman", "1995-06-22 01:35:02"),
       (800, "Amy", "Frost", "1974-04-26 16:42:19"),
       (801, "Donald", "Spence", "1991-10-01 10:22:31"),
       (802, "Ashley", "Thomas", "1960-05-04 09:55:47"),
       (803, "Ronald", "Murphy", "1966-01-20 01:01:44"),
       (804, "Benjamin", "Allen", "1983-03-13 13:34:45"),
       (805, "Brandon", "Young", "1968-08-25 10:13:27"),
       (806, "Cory", "Krueger", "1958-08-24 05:01:23"),
       (807, "Karla", "Anderson", "2006-03-10 23:33:34"),
       (808, "Jonathan", "Turner", "1976-09-06 09:47:36"),
       (809, "Thomas", "Johnson", "1986-01-04 16:09:39"),
       (810, "Duane", "Peterson", "1966-10-08 21:25:50"),
       (811, "Robert", "Hayden", "1960-03-03 06:34:27"),
       (812, "Chad", "Mitchell", "1970-04-08 02:34:37"),
       (813, "Travis", "Reynolds", "1973-07-12 11:12:20"),
       (814, "Melanie", "Webb", "1996-02-27 04:10:40"),
       (815, "James", "Christensen", "1963-10-18 12:57:21"),
       (816, "Robert", "Young", "1955-06-17 11:39:24"),
       (817, "Crystal", "York", "1999-09-16 20:05:02"),
       (818, "Mason", "Jones", "1958-03-25 07:07:05"),
       (819, "Daniel", "Adkins", "1960-04-16 12:10:45"),
       (820, "Rodney", "Smith", "1980-05-19 00:06:05"),
       (821, "Sarah", "Krueger", "1982-06-10 07:49:36"),
       (822, "Sharon", "Williams", "1968-12-29 00:13:05"),
       (823, "William", "Moore", "1982-05-27 18:29:06"),
       (824, "Nicole", "West", "2003-10-03 06:42:34"),
       (825, "Angela", "Diaz", "1980-06-24 12:09:23"),
       (826, "Amber", "Werner", "1962-01-31 22:52:09"),
       (827, "Deanna", "Rodriguez", "1980-12-07 05:37:03"),
       (828, "Jessica", "Cline", "1980-03-11 04:34:51"),
       (829, "Melissa", "Riley", "1966-01-04 08:29:35"),
       (830, "Joel", "Davis", "1977-11-18 04:20:17"),
       (831, "Victor", "Floyd", "1981-02-25 11:14:17"),
       (832, "Pamela", "Gonzalez", "1957-03-18 20:57:11"),
       (833, "Michael", "Scott", "1979-03-01 06:28:11"),
       (834, "Kim", "Santiago", "1989-11-17 00:30:40"),
       (835, "Charles", "Williams", "1993-07-18 03:30:42"),
       (836, "Evan", "Bishop", "1984-07-04 19:20:17"),
       (837, "Michael", "Stanley", "1993-01-11 10:28:20"),
       (838, "Mark", "Swanson", "1960-09-11 12:46:22"),
       (839, "Robert", "Riddle", "1973-10-27 12:18:48"),
       (840, "Shirley", "Boyle", "1966-09-26 18:36:20"),
       (841, "Lauren", "Turner", "1968-03-30 12:32:58"),
       (842, "James", "Cunningham", "1971-01-16 03:45:57"),
       (843, "Wendy", "Buchanan", "1984-09-16 18:18:42"),
       (844, "Joyce", "Barnes", "1987-07-13 04:06:07"),
       (845, "Diane", "Brown", "1964-02-18 10:02:39"),
       (846, "Gabrielle", "Leonard", "1969-11-21 16:36:22"),
       (847, "Andrew", "Singh", "1957-01-02 23:56:36"),
       (848, "Kyle", "Warren", "1973-03-10 00:15:36"),
       (849, "Elizabeth", "Welch", "1985-01-20 12:00:11"),
       (850, "Suzanne", "Moore", "1964-01-05 03:15:14"),
       (851, "Matthew", "Miller", "1973-01-29 06:36:50"),
       (852, "Jeffery", "Rhodes", "1987-02-19 12:44:15"),
       (853, "Christine", "Jones", "2002-05-24 18:12:50"),
       (854, "Bailey", "Lester", "1995-02-18 12:23:42"),
       (855, "Kenneth", "Cox", "1974-01-26 13:12:17"),
       (856, "Jonathan", "King", "1978-03-23 06:21:04"),
       (857, "Amber", "Coleman", "2003-08-21 05:07:46"),
       (858, "Jillian", "Pearson", "1959-08-19 22:01:47"),
       (859, "Sherry", "Williams", "1965-04-12 00:48:50"),
       (860, "Joe", "Hudson", "1966-11-07 08:38:27"),
       (861, "Daniel", "Reese", "1975-01-26 08:19:49"),
       (862, "Deborah", "Holland", "1979-11-30 20:05:37"),
       (863, "Tara", "Curry", "1975-09-02 14:47:57"),
       (864, "Tracie", "Taylor", "1957-05-02 09:30:48"),
       (865, "Michael", "Peterson", "2005-09-06 15:20:02"),
       (866, "Connie", "Coleman", "1968-11-18 03:56:03"),
       (867, "David", "Hoffman", "1995-06-30 05:07:57"),
       (868, "Faith", "Gomez", "2000-10-04 05:19:23"),
       (869, "Linda", "Ferguson", "1956-10-23 19:15:14"),
       (870, "Madison", "Ross", "2001-01-21 02:16:44"),
       (871, "William", "White", "1971-11-05 11:12:05"),
       (872, "Stephanie", "Smith", "1956-11-23 13:40:33"),
       (873, "Joshua", "Campos", "1977-10-12 16:28:42"),
       (874, "Brandy", "Dunn", "1971-04-08 01:05:24"),
       (875, "Joshua", "Houston", "2005-05-27 05:53:16"),
       (876, "Tina", "Walton", "1989-01-08 08:02:23"),
       (877, "Shari", "Vazquez", "1989-08-14 09:37:17"),
       (878, "Darlene", "Johnson", "1972-01-19 18:28:41"),
       (879, "Cassandra", "Black", "1962-05-29 05:41:10"),
       (880, "Whitney", "Dickerson", "1957-01-05 22:08:15"),
       (881, "David", "Goodman", "1958-05-24 16:36:21"),
       (882, "Julia", "Edwards", "1981-12-01 02:31:28"),
       (883, "Jocelyn", "Davis", "1967-04-30 12:09:53"),
       (884, "Regina", "Edwards", "1968-01-28 05:53:10"),
       (885, "Carolyn", "Hall", "1957-06-15 04:21:38"),
       (886, "John", "Hernandez", "1973-07-15 23:06:53"),
       (887, "Catherine", "Lee", "2002-04-07 21:27:21"),
       (888, "James", "Shaffer", "1980-08-23 05:09:53"),
       (889, "Brandi", "Welch", "1958-06-07 12:03:48"),
       (890, "Mathew", "Oconnor", "1964-08-26 13:44:18"),
       (891, "Michael", "Gardner", "1987-07-21 03:54:29"),
       (892, "Diamond", "Miller", "1963-03-17 09:27:32"),
       (893, "Michael", "Shea", "1976-09-11 20:05:32"),
       (894, "Jerry", "Rodriguez", "2001-05-16 03:11:27"),
       (895, "Wendy", "Freeman", "1966-10-26 05:30:35"),
       (896, "Andrea", "Owens", "1998-05-24 06:12:52"),
       (897, "William", "Burgess", "1990-12-22 20:13:06"),
       (898, "Rachel", "Fuller", "1964-03-29 00:51:44"),
       (899, "Alexandria", "Porter", "1983-07-18 15:00:56"),
       (900, "Dan", "Craig", "1973-06-27 09:41:46"),
       (901, "Dawn", "Lee", "1961-12-09 22:59:33"),
       (902, "Karen", "Palmer", "1960-04-29 22:33:25"),
       (903, "Peter", "Lewis", "2004-11-26 03:18:41"),
       (904, "Allison", "Ford", "1962-07-17 18:19:52"),
       (905, "Kayla", "Fry", "1982-05-03 13:42:43"),
       (906, "Kenneth", "Sanders", "1960-11-17 19:21:56"),
       (907, "Dillon", "Ferguson", "2004-04-20 14:20:54"),
       (908, "Chad", "Jackson", "2003-01-03 08:34:21"),
       (909, "Anthony", "Summers", "1993-10-05 03:38:23"),
       (910, "Marc", "Lutz", "2000-04-24 08:01:46"),
       (911, "Michelle", "Hunter", "1990-09-15 05:13:15"),
       (912, "Richard", "Lopez", "1966-05-03 08:16:16"),
       (913, "Angela", "Liu", "1995-10-29 00:25:34"),
       (914, "Debra", "Rivera", "1975-05-27 12:31:50"),
       (915, "Austin", "Medina", "1957-08-12 16:31:32"),
       (916, "Donna", "Rose", "1994-10-08 17:32:58"),
       (917, "Meredith", "Murray", "1986-01-11 20:28:47"),
       (918, "Alyssa", "Hodge", "1982-02-27 01:12:35"),
       (919, "Andres", "Johnson", "1974-12-23 17:23:57"),
       (920, "Brittney", "Vasquez", "1990-02-18 10:23:10"),
       (921, "Steve", "Nguyen", "2002-04-20 09:35:02"),
       (922, "David", "Carroll", "2003-01-22 11:40:44"),
       (923, "Emily", "Franklin", "2004-07-03 05:35:20"),
       (924, "Ashley", "Howell", "1985-03-17 03:17:26"),
       (925, "Cindy", "Howell", "1971-06-19 21:52:51"),
       (926, "Tonya", "Erickson", "1977-05-06 00:02:54"),
       (927, "Jessica", "Sanders", "1981-05-21 17:15:59"),
       (928, "Matthew", "Blackwell", "1965-11-19 07:06:51"),
       (929, "Alexis", "Peterson", "1986-07-03 06:30:52"),
       (930, "Thomas", "Lopez", "1964-03-04 11:36:15"),
       (931, "Lindsay", "Heath", "1962-08-21 14:05:34"),
       (932, "Brian", "Hernandez", "1990-05-01 00:33:29"),
       (933, "Monique", "Hancock", "1964-01-14 16:41:33"),
       (934, "David", "Johnson", "1974-11-01 04:35:17"),
       (935, "Angela", "Huff", "1979-12-03 00:03:38"),
       (936, "Mary", "Mcfarland", "1962-08-05 10:49:57"),
       (937, "Jill", "Good", "1978-03-28 05:52:10"),
       (938, "Sarah", "Sanders", "1975-06-04 15:11:50"),
       (939, "Christopher", "Rivera", "1967-02-06 11:18:29"),
       (940, "Laura", "Weaver", "1989-07-16 07:44:19"),
       (941, "Cindy", "Moore", "1991-10-03 06:06:50"),
       (942, "Joshua", "Harris", "1977-07-30 19:48:50"),
       (943, "Michael", "Smith", "1988-12-10 15:39:39"),
       (944, "Brandon", "Lawson", "2000-09-03 16:44:02"),
       (945, "Jessica", "Love", "2005-01-20 10:33:55"),
       (946, "Preston", "Martin", "2001-07-09 12:55:06"),
       (947, "Carol", "Mckinney", "2006-02-01 21:31:34"),
       (948, "Cathy", "Collins", "1988-03-03 18:33:22"),
       (949, "Debbie", "Mercer", "1962-05-07 03:35:14"),
       (950, "Eric", "Parker", "1964-11-23 20:59:29"),
       (951, "Chris", "Love", "2001-11-22 20:07:06"),
       (952, "Shaun", "Garcia", "1998-04-17 08:29:26"),
       (953, "William", "Franco", "1973-10-30 00:49:27"),
       (954, "Rhonda", "Hernandez", "2006-04-26 13:26:30"),
       (955, "Allison", "Hays", "2003-01-09 00:47:14"),
       (956, "Adrian", "Guzman", "1999-04-17 11:59:04"),
       (957, "Michael", "Merritt", "1997-05-05 02:37:28"),
       (958, "Melissa", "Randall", "1979-07-09 22:39:11"),
       (959, "Mary", "Roman", "1990-09-24 12:36:32"),
       (960, "Daniel", "Lee", "1972-05-04 22:55:35"),
       (961, "Harry", "Mcintosh", "1984-09-18 08:38:21"),
       (962, "Pamela", "Harris", "1976-10-30 18:02:40"),
       (963, "Denise", "Coffey", "1972-10-10 12:14:27"),
       (964, "John", "Spence", "1966-05-07 14:05:31"),
       (965, "James", "Marks", "1963-05-10 09:24:31"),
       (966, "Benjamin", "Henderson", "1961-10-22 10:34:02"),
       (967, "Kimberly", "Curry", "1973-11-22 01:27:20"),
       (968, "Becky", "Gray", "1971-06-08 01:15:36"),
       (969, "Hannah", "Lee", "1987-11-12 00:51:35"),
       (970, "Michael", "Miller", "1975-10-04 22:18:32"),
       (971, "Kimberly", "Goodman", "2000-01-25 21:31:50"),
       (972, "Julia", "Smith", "1965-11-26 00:33:06"),
       (973, "Dennis", "Rodriguez", "1980-02-14 00:28:36"),
       (974, "Evelyn", "Cooper", "1969-03-30 12:43:55"),
       (975, "Mark", "Mccullough", "1997-02-12 13:58:27"),
       (976, "Victor", "Carroll", "1986-01-09 05:24:52"),
       (977, "Darrell", "Murphy", "1994-09-15 03:53:09"),
       (978, "John", "Chambers", "1971-02-10 20:02:45"),
       (979, "Jason", "Riley", "1969-01-05 07:43:53"),
       (980, "Richard", "Reed", "1996-08-18 02:08:41"),
       (981, "Heather", "Green", "1970-11-11 21:32:24"),
       (982, "David", "Walton", "1980-03-08 17:06:19"),
       (983, "Matthew", "Gonzalez", "1969-11-09 20:54:34"),
       (984, "Jamie", "Ortiz", "1962-03-04 16:25:47"),
       (985, "Carol", "Alvarez", "1973-04-01 09:47:30"),
       (986, "John", "Nelson", "1980-09-08 06:40:01"),
       (987, "Courtney", "Wilson", "1973-07-19 17:33:42"),
       (988, "Nathan", "Kennedy", "2004-08-19 01:12:40"),
       (989, "Patricia", "Conner", "2006-11-30 04:03:36"),
       (990, "Jesse", "Wilson", "1988-05-05 19:54:05"),
       (991, "Theresa", "Silva", "1985-08-28 09:29:22"),
       (992, "Aaron", "Espinoza", "1964-11-27 03:55:47"),
       (993, "Tina", "Ross", "1961-09-01 23:35:35"),
       (994, "Luis", "Nelson", "1981-03-10 22:11:55"),
       (995, "Sheryl", "Rodriguez", "1991-01-08 17:02:55"),
       (996, "Brenda", "Nelson", "1999-09-06 02:41:29"),
       (997, "Stacey", "Obrien", "1985-06-29 07:31:26"),
       (998, "Nicole", "Johnson", "2001-03-25 12:58:15"),
       (999, "Heather", "Thomas", "2005-02-28 00:00:38"),
       (1000, "Patricia", "Adams", "1993-09-07 10:52:27");

INSERT INTO `user` (id, username, age)
VALUES (1, 'user1', 30);
INSERT INTO `user` (id, username, age)
VALUES (2, 'user2', 31);
INSERT INTO `user` (id, username, age)
VALUES (3, 'user3', 32);
INSERT INTO `user` (id, username, age)
VALUES (4, 'user4', 33);
INSERT INTO `user` (id, username, age)
VALUES (5, 'user5', 34);
INSERT INTO `user` (id, username, age)
VALUES (6, 'user6', 35);
INSERT INTO `user` (id, username, age)
VALUES (7, 'user7', 36);
INSERT INTO `user` (id, username, age)
VALUES (8, 'user8', 37);
INSERT INTO `user` (id, username, age)
VALUES (9, 'user9', 38);
INSERT INTO `user` (id, username, age)
VALUES (10, 'user10', 39);

INSERT INTO `address` (id, location, user_id)
VALUES (1, 'location1', 1);
INSERT INTO `address` (id, location, user_id)
VALUES (2, 'location2', 2);
INSERT INTO `address` (id, location, user_id)
VALUES (3, 'location3', 3);
INSERT INTO `address` (id, location, user_id)
VALUES (4, 'location4', 4);
INSERT INTO `address` (id, location, user_id)
VALUES (5, 'location5', 5);
INSERT INTO `address` (id, location, user_id)
VALUES (6, 'location6', 6);
INSERT INTO `address` (id, location, user_id)
VALUES (7, 'location7', 7);
INSERT INTO `address` (id, location, user_id)
VALUES (8, 'location8', 8);
INSERT INTO `address` (id, location, user_id)
VALUES (9, 'location9', 9);
INSERT INTO `address` (id, location, user_id)
VALUES (10, 'location10', 10);
